alt,asicstate,coeff,counts,emailtime,exttemp,flightstate,inttemp,lat,lon,pressure,settemp,setvolts,siphrastate,sipmtemp,time,volts
126.7,2,20.0,12.2,2018-07-05 07:49:37,23.5,2,24.38,31.77948,-95.71708,1005.0,20.0,-28.0,5,23.94,07:49:27,-28.078
202.3,2,20.0,12.2,2018-07-05 07:54:53,23.5,2,25.44,31.77925,-95.71741,1005.0,20.0,-28.0,5,24.75,07:54:29,-28.095
107.9,2,20.0,10.9,2018-07-05 08:01:08,23.5,2,26.56,31.77956,-95.71707,1005.0,20.0,-28.0,5,25.75,07:59:30,-28.115
172.1,2,20.0,11.0,2018-07-05 08:04:53,23.5,2,27.75,31.77939,-95.71747,1005.0,20.0,-28.0,5,26.81,08:04:31,-28.136
129.7,2,20.0,9.9,2018-07-05 08:14:53,23.44,2,29.94,31.77964,-95.71698,1006.0,20.0,-28.0,5,28.94,08:14:43,-28.179
146.4,2,20.0,12.8,2018-07-05 08:20:08,23.44,2,31.0,31.77966,-95.71704,1005.0,20.0,-28.0,5,29.94,08:19:45,-28.198
128.9,2,20.0,10.7,2018-07-05 08:25:07,23.38,2,31.88,31.77964,-95.71699,1005.0,20.0,-28.0,5,30.88,08:24:47,-28.219
132.4,2,20.0,12.2,2018-07-05 08:30:07,23.44,2,32.81,31.77963,-95.71698,1005.0,20.0,-28.0,5,31.88,08:29:56,-28.238
125.5,2,20.0,12.8,2018-07-05 08:35:38,23.38,2,33.69,31.77963,-95.71699,1006.0,20.0,-28.0,5,32.75,08:34:57,-28.255
126.5,2,20.0,12.9,2018-07-05 08:40:23,23.44,2,34.5,31.77963,-95.71698,1006.0,20.0,-28.0,5,33.62,08:40:02,-28.273
125.4,2,20.0,11.7,2018-07-05 08:46:23,23.38,2,35.31,31.77891,-95.71699,1006.0,20.0,-28.0,5,34.44,08:45:04,-28.289
116.8,2,20.0,10.8,2018-07-05 08:50:38,23.38,2,36.06,31.77968,-95.7202,1007.0,20.0,-28.0,5,35.25,08:50:12,-28.305
116.4,2,20.0,11.7,2018-07-05 08:55:38,23.38,2,36.81,31.78095,-95.72256,1007.0,20.0,-28.0,5,35.94,08:55:14,-28.319
119.0,2,20.0,9.1,2018-07-05 09:00:52,23.31,2,37.44,31.78044,-95.72225,1007.0,20.0,-28.0,5,36.69,09:00:16,-28.333
122.4,2,20.0,11.0,2018-07-05 09:05:53,23.25,2,38.06,31.78047,-95.72225,1007.0,20.0,-28.0,5,37.31,09:05:23,-28.346
121.8,2,20.0,11.7,2018-07-05 09:10:52,23.25,2,38.62,31.78045,-95.72225,1007.0,20.0,-28.0,5,37.94,09:10:26,-28.359
123.8,2,20.0,13.2,2018-07-05 09:15:53,23.19,2,39.19,31.78045,-95.72225,1007.0,20.0,-28.0,5,38.5,09:15:27,-28.371
111.5,2,20.0,13.6,2018-07-05 09:20:52,23.19,2,39.69,31.78046,-95.72227,1007.0,20.0,-28.0,5,39.12,09:20:31,-28.381
120.2,2,20.0,12.5,2018-07-05 09:25:53,23.12,2,40.19,31.78045,-95.72227,1007.0,20.0,-28.0,5,39.62,09:25:33,-28.393
118.8,2,20.0,12.6,2018-07-05 09:30:53,23.12,2,40.69,31.78044,-95.72226,1007.0,20.0,-28.0,5,40.19,09:30:35,-28.402
116.5,2,20.0,12.1,2018-07-05 09:35:52,23.12,2,41.12,31.78047,-95.72227,1007.0,20.0,-28.0,5,40.62,09:35:38,-28.412
119.3,2,20.0,12.9,2018-07-05 09:40:53,23.12,2,41.5,31.78045,-95.72227,1007.0,20.0,-28.0,5,41.06,09:40:40,-28.421
115.9,2,20.0,11.7,2018-07-05 09:46:07,23.12,2,41.94,31.78045,-95.72227,1007.0,20.0,-28.0,5,41.5,09:45:41,-28.43
121.3,2,20.0,13.8,2018-07-05 09:56:07,23.12,2,42.69,31.78046,-95.72226,1007.0,20.0,-28.0,5,42.31,09:55:48,-28.446
119.7,2,20.0,11.2,2018-07-05 10:01:09,23.19,2,43.06,31.78047,-95.72226,1007.0,20.0,-28.0,5,42.69,10:00:50,-28.454
112.9,2,20.0,11.8,2018-07-05 10:06:08,23.19,2,43.38,31.78047,-95.72227,1007.0,20.0,-28.0,5,43.0,10:05:52,-28.46
114.9,2,20.0,12.3,2018-07-05 10:16:08,23.25,2,44.0,31.78047,-95.72228,1007.0,20.0,-28.0,5,43.69,10:15:57,-28.474
120.9,2,20.0,10.7,2018-07-05 10:21:23,23.25,2,44.31,31.78046,-95.72225,1007.0,20.0,-28.0,5,44.0,10:20:58,-28.48
120.6,2,20.0,11.6,2018-07-05 10:26:07,23.25,2,44.56,31.78045,-95.72227,1008.0,20.0,-28.0,5,44.31,10:26:02,-28.487
120.4,2,20.0,11.0,2018-07-05 10:31:22,23.25,2,44.88,31.78045,-95.72224,1008.0,20.0,-28.0,5,44.56,10:31:03,-28.491
120.4,2,20.0,13.6,2018-07-05 10:36:22,23.25,2,45.06,31.78046,-95.72226,1008.0,20.0,-28.0,5,44.88,10:36:08,-28.498
118.5,2,20.0,13.5,2018-07-05 10:41:37,23.25,2,45.38,31.78047,-95.72225,1008.0,20.0,-28.0,5,45.12,10:41:10,-28.502
122.7,2,20.0,10.4,2018-07-05 10:46:22,23.25,2,45.56,31.78046,-95.72225,1008.0,20.0,-28.0,5,45.38,10:46:12,-28.508
118.9,2,20.0,12.9,2018-07-05 10:51:37,23.25,2,45.81,31.78046,-95.72226,1008.0,20.0,-28.0,5,45.62,10:51:14,-28.512
119.7,2,20.0,11.4,2018-07-05 10:56:38,23.25,2,46.0,31.78047,-95.72224,1008.0,20.0,-28.0,5,45.81,10:56:16,-28.516
120.1,2,20.0,12.7,2018-07-05 11:01:52,23.31,2,46.19,31.78046,-95.72225,1008.0,20.0,-28.0,5,46.06,11:01:18,-28.522
118.9,2,20.0,9.5,2018-07-05 11:06:37,23.31,2,46.38,31.7805,-95.72227,1008.0,20.0,-28.0,5,46.25,11:06:19,-28.525
125.8,2,20.0,12.3,2018-07-05 11:16:53,23.38,2,46.75,31.7805,-95.72228,1008.0,20.0,-28.0,5,46.62,11:16:29,-28.533
118.9,2,20.0,11.9,2018-07-05 11:22:07,23.38,2,46.94,31.7805,-95.72227,1008.0,20.0,-28.0,5,46.81,11:21:30,-28.537
125.4,2,20.0,12.2,2018-07-05 11:26:53,23.38,2,47.06,31.78049,-95.72228,1008.0,20.0,-28.0,5,46.94,11:26:33,-28.538
122.5,2,20.0,11.6,2018-07-05 11:32:07,23.38,2,47.25,31.7805,-95.72227,1008.0,20.0,-28.0,5,47.12,11:31:37,-28.543
123.1,2,20.0,11.5,2018-07-05 11:37:07,23.38,2,47.38,31.7805,-95.72227,1008.0,20.0,-28.0,5,47.31,11:36:39,-28.545
123.5,2,20.0,13.1,2018-07-05 11:47:37,23.5,2,47.62,31.78051,-95.72232,1008.0,20.0,-28.0,5,47.62,11:46:49,-28.551
124.3,2,20.0,10.8,2018-07-05 11:52:08,23.56,2,47.81,31.78051,-95.72227,1008.0,20.0,-28.0,5,47.75,11:51:50,-28.555
124.3,2,20.0,10.4,2018-07-05 11:57:07,23.69,2,47.94,31.78051,-95.72229,1008.0,20.0,-28.0,5,47.88,11:56:51,-28.558
123.7,2,20.0,10.8,2018-07-05 12:02:23,23.81,2,48.06,31.78052,-95.72227,1008.0,20.0,-28.0,5,48.0,12:01:53,-28.56
124.5,2,20.0,11.8,2018-07-05 12:07:22,24.0,2,48.19,31.7805,-95.72228,1008.0,20.0,-28.0,5,48.19,12:07:00,-28.563
118.5,2,20.0,12.6,2018-07-05 12:12:22,24.19,2,48.38,31.7805,-95.72226,1008.0,20.0,-28.0,5,48.31,12:12:03,-28.566
1483.3,2,20.0,4.9,2018-07-05 12:17:22,24.31,2,48.38,31.78876,-95.73118,862.0,20.0,-28.0,5,48.38,12:17:05,-28.568
3095.4,2,20.0,7.8,2018-07-05 12:22:38,23.75,2,48.56,31.80394,-95.75478,712.0,20.0,-28.0,5,48.44,12:22:09,-28.57
4607.8,2,20.0,10.2,2018-07-05 12:27:38,22.25,2,48.62,31.80435,-95.78068,593.0,20.0,-28.0,5,48.56,12:27:12,-28.572
6169.0,2,20.0,17.0,2018-07-05 12:32:53,20.38,2,48.75,31.79637,-95.8096,487.0,20.0,-28.0,5,48.69,12:32:18,-28.574
7733.2,2,20.0,29.1,2018-07-05 12:37:38,18.06,2,48.75,31.79387,-95.85145,397.0,20.0,-28.0,5,48.69,12:37:23,-28.574
9359.0,2,20.0,48.7,2018-07-05 12:43:22,15.38,2,48.69,31.78708,-95.89683,318.0,20.0,-28.0,5,48.62,12:42:27,-28.573
11053.7,2,20.0,72.5,2018-07-05 12:47:52,12.25,2,48.56,31.78545,-95.93826,249.0,20.0,-28.0,5,48.56,12:47:31,-28.572
12882.5,2,20.0,97.4,2018-07-05 12:52:52,9.25,2,48.38,31.78074,-95.98802,189.0,20.0,-28.0,5,48.44,12:52:32,-28.569
14737.0,2,20.0,113.4,2018-07-05 12:57:52,5.69,2,48.12,31.77418,-96.0537,139.0,20.0,-28.0,5,48.19,12:57:36,-28.563
16242.7,2,20.0,126.8,2018-07-05 13:02:52,2.44,2,47.75,31.75911,-96.10823,108.0,20.0,-28.0,5,47.81,13:02:38,-28.556
17177.4,2,20.0,125.6,2018-07-05 13:08:23,-0.38,2,47.38,31.751,-96.13189,92.0,20.0,-28.0,5,47.38,13:07:40,-28.548
18142.4,2,20.0,126.0,2018-07-05 13:13:07,-2.12,2,46.94,31.74443,-96.17326,79.0,20.0,-28.0,5,46.94,13:12:46,-28.538
19536.5,2,20.0,124.9,2018-07-05 13:18:07,-2.81,2,46.5,31.7479,-96.21351,62.0,20.0,-28.0,5,46.5,13:17:51,-28.53
21893.6,2,20.0,106.2,2018-07-05 13:28:22,-3.19,2,45.62,31.74827,-96.29157,43.0,20.0,-28.0,5,45.56,13:27:57,-28.512
23354.9,2,20.0,102.0,2018-07-05 13:33:37,-4.06,2,45.25,31.73591,-96.34251,34.0,20.0,-28.0,5,45.06,13:33:00,-28.502
24752.2,2,20.0,84.5,2018-07-05 13:38:38,-5.31,2,44.81,31.74521,-96.39497,27.0,20.0,-28.0,5,44.62,13:38:07,-28.492
26050.8,2,20.0,80.5,2018-07-05 13:43:39,-6.12,2,44.44,31.74836,-96.43739,22.0,20.0,-28.0,5,44.12,13:43:13,-28.484
27562.9,2,20.0,71.4,2018-07-05 13:48:37,-6.31,2,43.94,31.73526,-96.5024,17.0,20.0,-28.0,5,43.69,13:48:16,-28.474
28901.3,2,20.0,67.9,2018-07-05 13:53:38,-6.31,2,43.56,31.73012,-96.56348,14.0,20.0,-28.0,5,43.25,13:53:20,-28.465
30674.2,2,20.0,62.2,2018-07-05 13:58:37,-5.81,2,43.19,31.73429,-96.61616,10.0,20.0,-28.0,5,42.81,13:58:23,-28.456
31923.3,2,20.0,59.6,2018-07-05 14:03:37,-5.56,2,42.88,31.72916,-96.68666,8.0,20.0,-28.0,5,42.44,14:03:25,-28.449
33691.2,2,20.0,54.4,2018-07-05 14:08:52,-5.62,2,42.56,31.73256,-96.76534,6.0,20.0,-28.0,5,42.06,14:08:27,-28.441
35030.5,2,20.0,52.0,2018-07-05 14:13:52,-5.25,2,42.31,31.72329,-96.84258,5.0,20.0,-28.0,5,41.75,14:13:30,-28.435
36538.5,2,20.0,51.8,2018-07-05 14:18:52,-4.81,2,42.0,31.70691,-96.93321,4.0,20.0,-28.0,5,41.5,14:18:33,-28.43
37370.8,2,20.0,46.0,2018-07-05 14:23:52,-4.25,2,41.81,31.69726,-97.03926,3.0,20.0,-28.0,5,41.25,14:23:38,-28.425
37533.4,2,20.0,47.5,2018-07-05 14:29:08,-4.31,2,41.62,31.70183,-97.15676,3.0,20.0,-28.0,5,41.0,14:28:41,-28.42
37380.6,2,20.0,43.3,2018-07-05 14:34:07,-4.75,2,41.44,31.71527,-97.26987,3.0,20.0,-28.0,5,40.81,14:33:44,-28.416
37306.5,2,20.0,48.5,2018-07-05 14:39:07,-3.75,2,41.25,31.73691,-97.38455,3.0,20.0,-28.0,5,40.62,14:38:47,-28.412
37296.5,2,20.0,50.8,2018-07-05 14:44:08,-3.31,2,41.06,31.76192,-97.49235,3.0,20.0,-28.0,5,40.44,14:43:50,-28.409
37418.6,2,20.0,48.7,2018-07-05 14:49:07,-3.44,2,40.94,31.78136,-97.60467,3.0,20.0,-28.0,5,40.25,14:48:53,-28.405
37147.4,2,20.0,44.9,2018-07-05 14:59:23,-1.44,2,40.69,31.81571,-97.84033,3.0,20.0,-28.0,5,40.06,14:58:58,-28.401
37117.0,2,20.0,52.2,2018-07-05 15:05:07,-1.56,2,40.69,31.81679,-97.95422,3.0,20.0,-28.0,5,40.0,15:03:59,-28.401
37028.0,2,20.0,47.3,2018-07-05 15:09:22,-1.38,2,40.75,31.81524,-98.07991,3.0,20.0,-28.0,5,40.0,15:09:02,-28.4
36887.4,2,20.0,44.7,2018-07-05 15:14:38,-0.44,2,40.75,31.81117,-98.20578,3.0,20.0,-28.0,5,40.0,15:14:04,-28.4
36882.7,2,20.0,51.6,2018-07-05 15:19:38,-0.06,2,40.75,31.81493,-98.33225,4.0,20.0,-28.0,5,40.0,15:19:10,-28.4
36876.7,2,20.0,43.2,2018-07-05 15:24:38,-0.06,2,40.81,31.82329,-98.45489,4.0,20.0,-28.0,5,40.06,15:24:12,-28.401
37012.1,2,20.0,44.7,2018-07-05 15:30:08,-0.06,2,40.88,31.82971,-98.57863,3.0,20.0,-28.0,5,40.12,15:29:16,-28.401
36825.8,2,20.0,51.4,2018-07-05 15:34:53,0.19,2,40.94,31.83505,-98.69512,4.0,20.0,-28.0,5,40.12,15:34:21,-28.402
36630.8,2,20.0,48.5,2018-07-05 15:39:53,1.81,2,41.0,31.84335,-98.81222,4.0,20.0,-28.0,5,40.19,15:39:31,-28.404
36515.1,2,20.0,47.3,2018-07-05 15:44:52,3.12,2,41.06,31.84505,-98.92089,4.0,20.0,-28.0,5,40.25,15:44:38,-28.405
36383.2,2,20.0,47.2,2018-07-05 15:50:07,2.69,2,41.12,31.82873,-99.00376,4.0,20.0,-28.0,5,40.44,15:49:39,-28.408
36294.9,2,20.0,46.9,2018-07-05 15:55:08,2.25,2,41.25,31.80597,-99.08782,4.0,20.0,-28.0,5,40.44,15:54:43,-28.409
36321.5,2,20.0,46.8,2018-07-05 16:00:08,2.12,2,41.31,31.78589,-99.16527,4.0,20.0,-28.0,5,40.56,15:59:45,-28.411
36311.0,2,20.0,45.7,2018-07-05 16:05:23,2.25,2,41.31,31.76369,-99.24398,4.0,20.0,-28.0,5,40.56,16:04:54,-28.412
36496.8,2,20.0,47.8,2018-07-05 16:10:22,2.31,2,41.38,31.74436,-99.32184,4.0,20.0,-28.0,5,40.62,16:09:56,-28.412
36346.7,2,20.0,45.3,2018-07-05 16:15:22,2.44,2,41.44,31.71943,-99.4048,4.0,20.0,-28.0,5,40.69,16:15:00,-28.414
36400.0,2,20.0,47.0,2018-07-05 16:20:23,2.56,2,41.5,31.69438,-99.48617,4.0,20.0,-28.0,5,40.75,16:20:04,-28.415
36400.9,2,20.0,47.8,2018-07-05 16:26:07,2.75,2,41.56,31.66693,-99.57857,4.0,20.0,-28.0,5,40.81,16:25:06,-28.416
36417.7,2,20.0,51.7,2018-07-05 16:30:23,2.81,2,41.69,31.6387,-99.66854,4.0,20.0,-28.0,5,40.88,16:30:06,-28.418
36579.1,2,20.0,49.5,2018-07-05 16:35:37,2.94,2,41.75,31.61464,-99.75702,4.0,20.0,-28.0,5,40.94,16:35:08,-28.419
36739.5,2,20.0,44.4,2018-07-05 16:40:37,3.06,2,41.81,31.59447,-99.84495,4.0,20.0,-28.0,5,41.0,16:40:10,-28.42
36719.2,2,20.0,51.7,2018-07-05 16:45:22,3.25,2,41.88,31.57304,-99.92377,4.0,20.0,-28.0,5,41.06,16:45:12,-28.421
37322.3,2,20.0,49.5,2018-07-05 16:55:37,4.06,2,42.0,31.53834,-100.07787,3.0,20.0,-28.0,5,41.25,16:55:16,-28.423
37376.7,2,20.0,46.3,2018-07-05 17:00:53,5.0,2,42.12,31.51929,-100.17789,3.0,20.0,-28.0,5,41.31,17:00:18,-28.426
37352.9,2,20.0,49.7,2018-07-05 17:05:37,6.12,2,42.25,31.5183,-100.27891,3.0,20.0,-28.0,5,41.44,17:05:21,-28.43
37621.0,2,20.0,42.7,2018-07-05 17:10:52,6.5,2,42.44,31.51859,-100.38973,3.0,20.0,-28.0,5,41.62,17:10:22,-28.433
37686.5,2,20.0,46.0,2018-07-05 17:16:07,6.31,2,42.56,31.51897,-100.4943,3.0,20.0,-28.0,5,41.75,17:15:28,-28.435
37721.9,2,20.0,49.0,2018-07-05 17:21:08,5.75,2,42.69,31.51239,-100.5995,3.0,20.0,-28.0,5,41.94,17:20:38,-28.437
37542.1,2,20.0,49.0,2018-07-05 17:31:08,4.88,2,42.88,31.48946,-100.79961,3.0,20.0,-28.0,5,42.12,17:30:44,-28.441
37567.7,2,20.0,46.0,2018-07-05 17:36:23,4.62,2,42.88,31.48385,-100.90127,3.0,20.0,-28.0,5,42.12,17:35:49,-28.442
37708.8,2,20.0,46.0,2018-07-05 17:41:08,4.31,2,42.88,31.48764,-101.00245,3.0,20.0,-28.0,5,42.12,17:40:51,-28.442
37695.8,2,20.0,49.1,2018-07-05 17:46:07,4.06,2,42.81,31.49576,-101.10651,3.0,20.0,-28.0,5,42.06,17:45:52,-28.441
37564.0,2,20.0,47.2,2018-07-05 17:52:22,3.88,2,42.75,31.51018,-101.21752,3.0,20.0,-28.0,5,42.06,17:50:54,-28.441
37611.7,2,20.0,48.4,2018-07-05 17:56:07,3.69,2,42.75,31.53533,-101.33675,3.0,20.0,-28.0,5,42.0,17:55:58,-28.44
37293.0,2,20.0,51.1,2018-07-05 18:06:22,3.38,2,42.62,31.5856,-101.55385,3.0,20.0,-28.0,5,41.88,18:06:01,-28.437
37207.7,2,20.0,49.0,2018-07-05 18:11:23,3.19,2,42.56,31.6095,-101.65527,3.0,20.0,-28.0,5,41.81,18:11:03,-28.437
37100.9,2,20.0,45.9,2018-07-05 18:16:22,3.0,2,42.44,31.62974,-101.75123,3.0,20.0,-28.0,5,41.69,18:16:06,-28.434
36887.3,2,20.0,48.8,2018-07-05 18:21:37,2.81,2,42.38,31.63627,-101.84702,4.0,20.0,-28.0,5,41.62,18:21:07,-28.433
36843.3,2,20.0,46.0,2018-07-05 18:26:38,2.62,2,42.25,31.64113,-101.93975,4.0,20.0,-28.0,5,41.5,18:26:11,-28.43
36792.4,2,20.0,44.2,2018-07-05 18:31:37,2.5,2,42.12,31.64897,-102.04111,4.0,20.0,-28.0,5,41.38,18:31:14,-28.429
36675.2,2,20.0,48.3,2018-07-05 18:41:38,2.19,2,41.94,31.67063,-102.22129,4.0,20.0,-28.0,5,41.19,18:41:18,-28.423
36563.5,2,20.0,44.9,2018-07-05 18:46:38,2.19,2,41.81,31.67968,-102.29803,4.0,20.0,-28.0,5,41.06,18:46:21,-28.421
36401.4,2,20.0,46.8,2018-07-05 18:51:53,2.06,2,41.75,31.68634,-102.37072,4.0,20.0,-28.0,5,40.94,18:51:25,-28.419
36336.5,2,20.0,51.7,2018-07-05 18:57:07,1.88,2,41.62,31.68731,-102.45449,4.0,20.0,-28.0,5,40.88,18:56:27,-28.416
36292.3,2,20.0,47.0,2018-07-05 19:02:07,1.69,2,41.56,31.68797,-102.54798,4.0,20.0,-28.0,5,40.75,19:01:30,-28.415
36189.9,2,20.0,46.5,2018-07-05 19:07:07,1.5,2,41.44,31.69314,-102.65698,4.0,20.0,-28.0,5,40.62,19:06:40,-28.412
36061.1,2,20.0,45.6,2018-07-05 19:12:07,1.38,2,41.31,31.70065,-102.76429,4.0,20.0,-28.0,5,40.5,19:11:42,-28.41
35982.7,2,20.0,47.2,2018-07-05 19:17:07,1.25,2,41.19,31.71127,-102.87702,4.0,20.0,-28.0,5,40.38,19:16:44,-28.408
35951.2,2,20.0,47.1,2018-07-05 19:22:08,1.12,2,41.06,31.7157,-102.98881,4.0,20.0,-28.0,5,40.25,19:21:47,-28.405
35816.1,2,20.0,50.6,2018-07-05 19:27:23,1.0,2,40.94,31.71603,-103.09034,4.0,20.0,-28.0,5,40.12,19:26:50,-28.402
35739.8,2,20.0,44.9,2018-07-05 19:33:22,0.81,2,40.81,31.71288,-103.18641,4.0,20.0,-28.0,5,40.0,19:31:51,-28.4
24456.7,2,20.0,86.2,2018-07-05 19:37:07,0.06,2,40.75,31.71223,-103.25473,28.0,20.0,-28.0,5,39.88,19:36:52,-28.397
17772.2,2,20.0,115.1,2018-07-05 19:42:23,-4.25,2,40.62,31.71444,-103.29658,84.0,20.0,-28.0,5,39.69,19:41:55,-28.395
13748.0,2,20.0,102.9,2018-07-05 19:47:22,-12.12,2,40.19,31.70633,-103.32846,165.0,20.0,-28.0,5,39.38,19:46:55,-28.387
10510.0,2,20.0,55.1,2018-07-05 19:52:22,-18.31,2,39.25,31.70033,-103.35465,271.0,20.0,-28.0,5,38.62,19:52:03,-28.372
7673.7,2,20.0,25.5,2018-07-05 19:57:23,-19.44,2,38.06,31.70517,-103.38161,401.0,20.0,-28.0,5,37.62,19:57:04,-28.354
5267.9,2,20.0,11.0,2018-07-05 20:02:23,-15.88,2,37.0,31.70644,-103.41385,547.0,20.0,-28.0,5,36.69,20:02:06,-28.334
3213.8,2,20.0,6.5,2018-07-05 20:07:22,-8.88,2,36.0,31.70197,-103.45372,704.0,20.0,-28.0,5,35.94,20:07:09,-28.32
1310.8,2,20.0,6.8,2018-07-05 20:13:07,0.88,2,35.44,31.693,-103.4887,880.0,20.0,-28.0,5,35.5,20:12:11,-28.31
846.5,2,20.0,13.8,2018-07-05 20:18:22,9.62,2,35.88,31.6907,-103.496,926.0,20.0,-28.0,5,36.38,20:17:20,-28.326
850.0,2,20.0,14.0,2018-07-05 20:27:52,19.38,2,36.69,31.69069,-103.49599,926.0,20.0,-28.0,5,37.25,20:27:24,-28.345
845.2,2,20.0,14.3,2018-07-05 20:32:52,22.19,2,37.31,31.69071,-103.49601,926.0,20.0,-28.0,5,37.81,20:32:30,-28.356
849.4,2,20.0,16.0,2018-07-05 20:43:08,26.69,2,39.19,31.69072,-103.496,926.0,20.0,-28.0,5,39.06,20:42:40,-28.381
850.0,2,20.0,13.5,2018-07-05 20:47:53,28.31,2,40.12,31.6907,-103.49602,926.0,20.0,-28.0,5,39.88,20:47:44,-28.397
845.9,2,20.0,12.1,2018-07-05 20:52:53,29.56,2,41.06,31.69072,-103.496,926.0,20.0,-28.0,5,40.75,20:52:47,-28.414
845.3,2,20.0,14.7,2018-07-05 20:58:07,30.88,2,41.94,31.69072,-103.49601,926.0,20.0,-28.0,5,41.62,20:57:50,-28.431
851.1,2,20.0,14.8,2018-07-05 21:03:07,32.12,2,42.81,31.69072,-103.49602,926.0,20.0,-28.0,5,42.5,21:02:53,-28.45
845.6,2,20.0,13.9,2018-07-05 21:08:08,33.31,2,43.75,31.69071,-103.49597,926.0,20.0,-28.0,5,43.38,21:07:55,-28.467
852.6,2,20.0,14.4,2018-07-05 21:13:22,34.25,2,44.62,31.6907,-103.496,926.0,20.0,-28.0,5,44.25,21:12:56,-28.485
853.8,2,20.0,12.9,2018-07-05 21:18:23,34.81,2,45.56,31.6907,-103.49605,926.0,20.0,-28.0,5,45.19,21:17:58,-28.504
852.2,2,20.0,14.8,2018-07-05 21:23:23,35.19,2,46.38,31.6907,-103.49603,926.0,20.0,-28.0,5,46.12,21:22:58,-28.523
848.4,2,20.0,16.5,2018-07-05 21:28:23,35.19,2,47.06,31.69072,-103.496,926.0,20.0,-28.0,5,47.06,21:28:00,-28.54
849.9,2,20.0,14.8,2018-07-05 21:33:23,35.62,2,47.94,31.69074,-103.49602,926.0,20.0,-28.0,5,47.94,21:33:05,-28.559
852.2,2,20.0,14.0,2018-07-05 21:38:23,35.81,2,48.75,31.69073,-103.49602,926.0,20.0,-28.0,5,48.81,21:38:07,-28.576
852.1,2,20.0,14.2,2018-07-05 21:44:38,35.88,2,49.56,31.69072,-103.49601,925.0,20.0,-28.0,5,49.69,21:43:09,-28.592
850.6,2,20.0,15.5,2018-07-05 21:48:37,36.19,2,50.38,31.69072,-103.49604,925.0,20.0,-28.0,5,50.5,21:48:18,-28.61
851.2,2,20.0,15.8,2018-07-05 21:58:38,36.75,2,51.88,31.69074,-103.49603,925.0,20.0,-28.0,5,52.0,21:58:25,-28.64
847.9,2,20.0,14.7,2018-07-05 22:08:52,36.56,2,53.25,31.69074,-103.49604,926.0,20.0,-28.0,5,53.44,22:08:32,-28.668
850.8,2,20.0,15.9,2018-07-05 22:15:52,36.19,2,53.88,31.69072,-103.49604,926.0,20.0,-28.0,5,54.06,22:13:35,-28.681
851.9,2,20.0,15.6,2018-07-05 22:18:53,36.38,2,54.5,31.69074,-103.49604,926.0,20.0,-28.0,5,54.62,22:18:36,-28.691
850.4,2,20.0,15.2,2018-07-05 22:24:53,36.5,2,55.0,31.69072,-103.49604,925.0,20.0,-28.0,5,55.12,22:23:38,-28.702
843.3,2,20.0,16.6,2018-07-05 22:29:08,36.25,2,55.56,31.69072,-103.49606,926.0,20.0,-28.0,5,55.75,22:28:40,-28.715
847.5,2,20.0,14.2,2018-07-05 22:34:37,36.5,2,56.06,31.69072,-103.49604,925.0,20.0,-28.0,5,56.25,22:33:45,-28.725
846.4,2,20.0,15.7,2018-07-05 22:39:07,36.69,2,56.56,31.69071,-103.49604,925.0,20.0,-28.0,5,56.81,22:38:51,-28.735
844.9,2,20.0,16.0,2018-07-05 22:44:08,36.5,2,57.06,31.69073,-103.49602,926.0,20.0,-28.0,5,57.31,22:43:55,-28.746
846.4,2,20.0,15.5,2018-07-05 22:49:22,36.31,2,57.5,31.69071,-103.496,926.0,20.0,-28.0,5,57.81,22:48:58,-28.755
842.0,2,20.0,15.8,2018-07-05 22:54:22,36.56,2,57.88,31.69071,-103.49603,926.0,20.0,-28.0,5,58.25,22:54:03,-28.765
840.0,2,20.0,24.0,2018-07-05 22:59:22,36.62,2,58.31,31.69071,-103.49604,926.0,20.0,-28.0,5,58.62,22:59:05,-28.772
838.9,2,20.0,97.6,2018-07-05 23:04:23,36.44,2,58.69,31.69071,-103.49602,926.0,20.0,-28.0,5,59.06,23:04:07,-28.781
840.6,2,20.0,736.6,2018-07-05 23:09:22,36.94,2,59.0,31.69072,-103.496,926.0,20.0,-28.0,5,59.5,23:09:09,-28.79
837.5,2,20.0,91.9,2018-07-05 23:14:37,36.62,2,59.44,31.69071,-103.49603,926.0,20.0,-28.0,5,59.94,23:14:10,-28.799
839.4,2,20.0,546.0,2018-07-05 23:19:38,36.31,2,59.75,31.69071,-103.49601,926.0,20.0,-28.0,5,60.31,23:19:12,-28.806
842.5,2,20.0,86.3,2018-07-05 23:24:52,35.56,2,60.12,31.69072,-103.496,926.0,20.0,-28.0,5,60.69,23:24:13,-28.814
847.0,2,20.0,522.6,2018-07-05 23:29:37,35.19,2,60.31,31.69072,-103.49601,926.0,20.0,-28.0,5,61.0,23:29:16,-28.82
844.4,2,20.0,127.2,2018-07-05 23:34:37,35.62,2,60.62,31.69072,-103.496,926.0,20.0,-28.0,5,61.31,23:34:17,-28.825
848.7,2,20.0,292.7,2018-07-05 23:39:38,36.12,2,60.81,31.69071,-103.49602,926.0,20.0,-28.0,5,61.56,23:39:21,-28.831
846.8,2,20.0,1348.7,2018-07-05 23:44:53,35.62,2,61.06,31.69071,-103.496,926.0,20.0,-28.0,5,61.88,23:44:25,-28.837
845.2,2,20.0,261.9,2018-07-05 23:49:52,35.0,2,61.31,31.69071,-103.49601,926.0,20.0,-28.0,5,62.12,23:49:28,-28.842
846.0,2,20.0,1007.7,2018-07-05 23:54:52,34.94,2,61.5,31.69071,-103.49601,926.0,20.0,-28.0,5,62.31,23:54:31,-28.846
845.1,2,20.0,161.9,2018-07-05 23:59:53,35.06,2,61.69,31.69071,-103.49599,926.0,20.0,-28.0,5,62.56,23:59:34,-28.852
850.3,2,20.0,433.7,2018-07-06 00:08:23,34.44,2,61.88,31.69071,-103.49601,926.0,20.0,-28.0,5,62.75,00:04:36,-28.854
850.5,2,20.0,1164.1,2018-07-06 00:09:53,34.56,2,62.0,31.69072,-103.49601,926.0,20.0,-28.0,5,62.88,00:09:36,-28.857
848.0,2,20.0,116.3,2018-07-06 00:15:07,35.12,2,62.12,31.6907,-103.49601,926.0,20.0,-28.0,5,63.06,00:14:39,-28.861
853.8,2,20.0,322.7,2018-07-06 00:20:07,35.5,2,62.25,31.69071,-103.49602,926.0,20.0,-28.0,5,63.25,00:19:43,-28.864
849.8,2,20.0,124.2,2018-07-06 00:30:08,34.44,2,62.56,31.69071,-103.496,926.0,20.0,-28.0,5,63.56,00:29:46,-28.871
849.6,2,20.0,321.8,2018-07-06 00:37:53,34.12,2,62.69,31.69071,-103.49601,926.0,20.0,-28.0,5,63.69,00:34:52,-28.874
848.4,2,20.0,713.5,2018-07-06 00:40:24,34.06,2,62.75,31.6907,-103.49599,926.0,20.0,-28.0,5,63.81,00:40:00,-28.875
847.5,2,20.0,1326.7,2018-07-06 00:45:53,33.69,2,62.81,31.69071,-103.49602,926.0,20.0,-28.0,5,63.88,00:45:05,-28.878
845.9,2,20.0,163.0,2018-07-06 00:50:38,33.25,2,62.88,31.69071,-103.49601,926.0,20.0,-28.0,5,63.94,00:50:12,-28.879
845.6,2,20.0,241.7,2018-07-06 01:00:52,32.62,2,62.88,31.6907,-103.49599,926.0,20.0,-28.0,5,63.94,01:00:22,-28.879
846.9,2,20.0,229.4,2018-07-06 01:05:38,32.31,2,62.81,31.69071,-103.496,926.0,20.0,-28.0,5,63.88,01:05:24,-28.879
843.9,2,20.0,212.8,2018-07-06 01:10:52,32.12,2,62.81,31.6907,-103.49601,926.0,20.0,-28.0,5,63.81,01:10:26,-28.878
848.4,2,20.0,154.6,2018-07-06 01:15:52,31.81,2,62.69,31.6907,-103.496,926.0,20.0,-28.0,5,63.81,01:15:28,-28.877
